{
  "1DD6C655-F7F0-4ED6-B8C6-775139BFF2A8" : {
    "cameraTransform" : [
      -0.2715705931186676,
      7.3678103618135538e-09,
      0.96241849660873413,
      0,
      0.72818994522094727,
      0.65384912490844727,
      0.2054770439863205,
      0,
      -0.62927645444869995,
      0.75662505626678467,
      -0.17756614089012146,
      0,
      -1.1506363153457642,
      1.3835611343383789,
      -0.32518067955970764,
      1
    ],
    "objectMetadataList" : [

    ]
  },
  "5DF31FBF-B20E-462E-A857-0A0C07099242" : {
    "cameraTransform" : [
      -0.64360010623931885,
      3.1755469365180033e-09,
      0.7653619647026062,
      0,
      0.39167818427085876,
      0.85913121700286865,
      0.32936590909957886,
      0,
      -0.65754634141921997,
      0.51175546646118164,
      -0.55293691158294678,
      0,
      -0.68496179580688477,
      0.53309059143066406,
      -0.57599079608917236,
      1
    ],
    "objectMetadataList" : [

    ]
  },
  "6AF421D5-F098-4D35-8830-F4BB228EF79A" : {
    "cameraTransform" : [
      -0.14014062285423279,
      -7.8781781098768988e-10,
      -0.99013161659240723,
      0,
      -0.45487257838249207,
      0.88822627067565918,
      0.064381435513496399,
      0,
      0.87946087121963501,
      0.45940619707107544,
      -0.12447655200958252,
      0,
      2.2989492416381836,
      1.3389014005661011,
      -0.29847216606140137,
      1
    ],
    "objectMetadataList" : [
      [
        "6AF421D5-F098-4D35-8830-F4BB228EF79A",
        "Root",
        "Earth",
        "Earth"
      ],
      {
        "isExpanded" : true,
        "isLocked" : false
      },
      [
        "6AF421D5-F098-4D35-8830-F4BB228EF79A",
        "Root",
        "Earth"
      ],
      {
        "isExpanded" : true,
        "isLocked" : false
      },
      [
        "6AF421D5-F098-4D35-8830-F4BB228EF79A",
        "Root"
      ],
      {
        "isExpanded" : true,
        "isLocked" : false
      }
    ]
  },
  "A001C904-96A3-4BF4-9073-10051D097045" : {
    "cameraTransform" : [
      0.96772176027297974,
      -1.136780269916926e-08,
      0.25202089548110962,
      0,
      0.14822593331336975,
      0.80875217914581299,
      -0.56916505098342896,
      0,
      -0.20382247865200043,
      0.58814942836761475,
      0.78264719247817993,
      0,
      -0.018385834991931915,
      0.028154212981462479,
      0.027698146179318428,
      1
    ],
    "objectMetadataList" : [
      [
        "A001C904-96A3-4BF4-9073-10051D097045",
        "satelite_02",
        "Materials"
      ],
      {
        "isExpanded" : true,
        "isLocked" : false
      },
      [
        "A001C904-96A3-4BF4-9073-10051D097045",
        "satelite_02"
      ],
      {
        "isExpanded" : true,
        "isLocked" : false
      },
      [
        "A001C904-96A3-4BF4-9073-10051D097045",
        "satelite_02",
        "satellite"
      ],
      {
        "isExpanded" : true,
        "isLocked" : false
      }
    ]
  }
}