{
  "0A9B4653-B11E-4D6A-850E-C6FCB621626C" : {
    "cameraTransform" : [
      1,
      0,
      0,
      0,
      0,
      0.86602544784545898,
      -0.49999994039535522,
      0,
      0,
      0.49999994039535522,
      0.86602544784545898,
      0,
      -0.0016454057767987251,
      0.36095970869064331,
      0.6486591100692749,
      1
    ],
    "objectMetadataList" : [
      [
        "0A9B4653-B11E-4D6A-850E-C6FCB621626C",
        "Root",
        "Sphere"
      ],
      {
        "isExpanded" : true,
        "isLocked" : false
      },
      [
        "0A9B4653-B11E-4D6A-850E-C6FCB621626C",
        "Root"
      ],
      {
        "isExpanded" : true,
        "isLocked" : false
      }
    ]
  },
  "5D68BDC6-3583-4955-A6D9-24085E6C32FE" : {
    "cameraTransform" : [
      0.9156498908996582,
      -2.9129605394473401e-08,
      0.40197667479515076,
      0,
      0.23795345425605774,
      0.80596864223480225,
      -0.5420265793800354,
      0,
      -0.32398056983947754,
      0.59195828437805176,
      0.73798513412475586,
      0,
      -1.7982590198516846,
      5.9193148612976074,
      5.2196874618530273,
      1
    ],
    "objectMetadataList" : [
      [
        "5D68BDC6-3583-4955-A6D9-24085E6C32FE",
        "Root",
        "Simple_Cola_Can",
        "Geom",
        "scene"
      ],
      {
        "isExpanded" : true,
        "isLocked" : false
      },
      [
        "5D68BDC6-3583-4955-A6D9-24085E6C32FE",
        "Root"
      ],
      {
        "isExpanded" : true,
        "isLocked" : false
      },
      [
        "5D68BDC6-3583-4955-A6D9-24085E6C32FE",
        "Root",
        "Simple_Cola_Can",
        "Geom"
      ],
      {
        "isExpanded" : true,
        "isLocked" : false
      },
      [
        "5D68BDC6-3583-4955-A6D9-24085E6C32FE",
        "Root",
        "Simple_Cola_Can",
        "Materials"
      ],
      {
        "isExpanded" : true,
        "isLocked" : false
      }
    ]
  },
  "54AA772B-D465-475D-9482-3A22FDEE52D7" : {
    "cameraTransform" : [
      0.99999994039535522,
      0,
      0,
      0,
      0,
      0.86602538824081421,
      -0.49999994039535522,
      0,
      0,
      0.49999994039535522,
      0.86602538824081421,
      0,
      0,
      0.27093535661697388,
      0.46927383542060852,
      1
    ],
    "objectMetadataList" : [

    ]
  },
  "70F99620-18FE-438F-B2D5-5E0DA02AB759" : {
    "cameraTransform" : [
      0.99999994039535522,
      0,
      0,
      0,
      0,
      0.86602538824081421,
      -0.49999994039535522,
      0,
      0,
      0.49999994039535522,
      0.86602538824081421,
      0,
      0,
      0.59819567203521729,
      1.0361053943634033,
      1
    ],
    "objectMetadataList" : [
      [
        "70F99620-18FE-438F-B2D5-5E0DA02AB759",
        "Root"
      ],
      {
        "isExpanded" : true,
        "isLocked" : false
      }
    ]
  },
  "90C576A0-F90A-43B8-9998-14918A66F863" : {
    "cameraTransform" : [
      0.99999994039535522,
      0,
      0,
      0,
      0,
      0.86602538824081421,
      -0.49999994039535522,
      0,
      0,
      0.49999994039535522,
      0.86602538824081421,
      0,
      0,
      0.62578362226486206,
      1.0838892459869385,
      1
    ],
    "objectMetadataList" : [
      [
        "90C576A0-F90A-43B8-9998-14918A66F863",
        "Root"
      ],
      {
        "isExpanded" : true,
        "isLocked" : false
      },
      [
        "90C576A0-F90A-43B8-9998-14918A66F863",
        "Root",
        "Sphere"
      ],
      {
        "isExpanded" : true,
        "isLocked" : false
      }
    ]
  },
  "53665AC3-A8AC-49BF-AE74-59111D6C946D" : {
    "cameraTransform" : [
      0.99999994039535522,
      0,
      0,
      0,
      0,
      0.86602538824081421,
      -0.49999994039535522,
      0,
      0,
      0.49999994039535522,
      0.86602538824081421,
      0,
      0,
      0.27093535661697388,
      0.46927383542060852,
      1
    ],
    "objectMetadataList" : [
      [
        "53665AC3-A8AC-49BF-AE74-59111D6C946D",
        "Root"
      ],
      {
        "isExpanded" : true,
        "isLocked" : false
      }
    ]
  },
  "388995CA-80FC-432E-BA88-78270E4EFD9D" : {
    "cameraTransform" : [
      0.99999994039535522,
      0,
      0,
      0,
      0,
      0.86602538824081421,
      -0.49999994039535522,
      0,
      0,
      0.49999994039535522,
      0.86602538824081421,
      0,
      0,
      0.59819567203521729,
      1.0361053943634033,
      1
    ],
    "objectMetadataList" : [
      [
        "388995CA-80FC-432E-BA88-78270E4EFD9D",
        "Root"
      ],
      {
        "isExpanded" : true,
        "isLocked" : false
      }
    ]
  },
  "DF445915-75B2-422B-B15F-AC9CAB5A5334" : {
    "cameraTransform" : [
      1,
      0,
      0,
      0,
      0,
      0.86602538824081421,
      -0.5,
      0,
      0,
      0.5,
      0.86602538824081421,
      0,
      0.20774881541728973,
      6.928584098815918,
      8.3893976211547852,
      1
    ],
    "objectMetadataList" : [
      [
        "DF445915-75B2-422B-B15F-AC9CAB5A5334",
        "Root"
      ],
      {
        "isExpanded" : true,
        "isLocked" : false
      }
    ]
  }
}