{
  "0A9B4653-B11E-4D6A-850E-C6FCB621626C" : {
    "cameraTransform" : [
      1,
      0,
      0,
      0,
      0,
      0.86602544784545898,
      -0.49999994039535522,
      0,
      0,
      0.49999994039535522,
      0.86602544784545898,
      0,
      -0.0016454057767987251,
      0.36095970869064331,
      0.6486591100692749,
      1
    ],
    "objectMetadataList" : [
      [
        "0A9B4653-B11E-4D6A-850E-C6FCB621626C",
        "Root"
      ],
      {
        "isExpanded" : true,
        "isLocked" : false
      },
      [
        "0A9B4653-B11E-4D6A-850E-C6FCB621626C",
        "Root",
        "Sphere"
      ],
      {
        "isExpanded" : true,
        "isLocked" : false
      }
    ]
  },
  "54AA772B-D465-475D-9482-3A22FDEE52D7" : {
    "cameraTransform" : [
      0.99999994039535522,
      0,
      0,
      0,
      0,
      0.86602538824081421,
      -0.49999994039535522,
      0,
      0,
      0.49999994039535522,
      0.86602538824081421,
      0,
      0,
      0.27093535661697388,
      0.46927383542060852,
      1
    ],
    "objectMetadataList" : [

    ]
  },
  "70F99620-18FE-438F-B2D5-5E0DA02AB759" : {
    "cameraTransform" : [
      0.99999994039535522,
      0,
      0,
      0,
      0,
      0.86602538824081421,
      -0.49999994039535522,
      0,
      0,
      0.49999994039535522,
      0.86602538824081421,
      0,
      0,
      0.59819567203521729,
      1.0361053943634033,
      1
    ],
    "objectMetadataList" : [
      [
        "70F99620-18FE-438F-B2D5-5E0DA02AB759",
        "Root"
      ],
      {
        "isExpanded" : true,
        "isLocked" : false
      }
    ]
  },
  "90C576A0-F90A-43B8-9998-14918A66F863" : {
    "cameraTransform" : [
      0.81827300786972046,
      -8.6072525107283582e-08,
      0.57482987642288208,
      0,
      0.2775290310382843,
      0.87572950124740601,
      -0.39506375789642334,
      0,
      -0.50339525938034058,
      0.48280200362205505,
      0.71658599376678467,
      0,
      -1.5970163345336914,
      1.9025440216064453,
      2.2410626411437988,
      1
    ],
    "objectMetadataList" : [
      [
        "90C576A0-F90A-43B8-9998-14918A66F863",
        "Root"
      ],
      {
        "isExpanded" : true,
        "isLocked" : false
      }
    ]
  },
  "686B0A80-7153-4287-9C7D-B38DB8A0395B" : {
    "cameraTransform" : [
      0.39673292636871338,
      -2.4715216540016627e-09,
      -0.91793406009674072,
      0,
      -0.24182455241680145,
      0.96467465162277222,
      -0.10451704263687134,
      0,
      0.88550764322280884,
      0.26344427466392517,
      0.38271823525428772,
      0,
      0.44762644171714783,
      0.11800343543291092,
      0.19389417767524719,
      1
    ],
    "objectMetadataList" : [
      [
        "686B0A80-7153-4287-9C7D-B38DB8A0395B",
        "Root"
      ],
      {
        "isExpanded" : true,
        "isLocked" : false
      }
    ]
  },
  "53665AC3-A8AC-49BF-AE74-59111D6C946D" : {
    "cameraTransform" : [
      0.99999994039535522,
      0,
      0,
      0,
      0,
      0.86602538824081421,
      -0.49999994039535522,
      0,
      0,
      0.49999994039535522,
      0.86602538824081421,
      0,
      0,
      0.27093535661697388,
      0.46927383542060852,
      1
    ],
    "objectMetadataList" : [
      [
        "53665AC3-A8AC-49BF-AE74-59111D6C946D",
        "Root"
      ],
      {
        "isExpanded" : true,
        "isLocked" : false
      }
    ]
  },
  "388995CA-80FC-432E-BA88-78270E4EFD9D" : {
    "cameraTransform" : [
      0.99999994039535522,
      0,
      0,
      0,
      0,
      0.86602538824081421,
      -0.49999994039535522,
      0,
      0,
      0.49999994039535522,
      0.86602538824081421,
      0,
      0,
      0.59819567203521729,
      1.0361053943634033,
      1
    ],
    "objectMetadataList" : [
      [
        "388995CA-80FC-432E-BA88-78270E4EFD9D",
        "Root"
      ],
      {
        "isExpanded" : true,
        "isLocked" : false
      }
    ]
  },
  "631486DE-9950-4CA7-A220-045C6213D412" : {
    "cameraTransform" : [
      -0.20440366864204407,
      5.7825149113455154e-09,
      0.97888672351837158,
      0,
      0.4884263277053833,
      0.86662441492080688,
      0.10198947787284851,
      0,
      -0.84832710027694702,
      0.49896100163459778,
      -0.17714130878448486,
      0,
      -0.84157425165176392,
      0.53645682334899902,
      -0.31639641523361206,
      1
    ],
    "objectMetadataList" : [
      [
        "631486DE-9950-4CA7-A220-045C6213D412",
        "Root"
      ],
      {
        "isExpanded" : true,
        "isLocked" : false
      }
    ]
  }
}